ASIN,Reference ASIN 1,Reference ASIN 2,Reference ASIN 3
ASIN,Reference ASIN 1,Reference ASIN 2,Reference ASIN 3
B07GF4ZR17,B07FFBN8NN,B079B28RSW,B08JG45LRW
B07GDXCPGD,B06Y19BZ1P,B07BKSFR97,B0791MFMRQ
B07GF58FQ3,B077SXC31T,B00115YEBY,
B079L9X9M4,B00084RP0G,B00084JMC0,B00BYFMYKY
B07GDQLV3G,B07TBDS1RG,B077SXC31T,B003SQUR9M
B07SNGQQVW,B000X05G1A,B0009XB7M8,B00ZTRLD2I
B07GF9P3FY,B01JMZXC1M,B01GGB83K0,B07Q2TQZ85
B07SRXPHT1,B000X07GQS,B000IJR5GK,
B01MR894RT,B0757QVBWW,B01M9JIWVP,B008UV3ET0
B01MTB9YAG,B078FP7NY8,B07WDWMJW4,
B07PGKXD27,B082QNYLZJ,B07H15GP7R,
B079L6LY25,B001DNVZFC,B00084JMC1,B00996OWD2
B07767WNWT,B000QU4MSU,B004YK5XAO,B00DHC362W
B07P7H5SL4,B07HNDXLG9,B01M705PRM,B08345ST1K
B07PGKXD25,B00NP0E7SI,B07BR5VHP3,
B01N24KKWK,B005FAKLMW,B001RTS7OY,B01N8W34SB
B07PJTWJCH,B0002YUX8I,B077X5HY7X,
B01MYAGGST,B00895PA12,B07GJW33NH,
B07SZ78BQ5,B07NNHVB36,B073RXZNKK,
B07PDHMHDH,B07FN9NJNJ,B06XRQ2V77,
B07GF54KV8,B07KCFPTW5,B01LXRM9CH,B00805I66M
B07PBWFFXV,B08DHX5VS6,B079FWV2D4,B079FWV2D4
B073WFL878,B07YHQQPWF,B08SLSN2QH,B087JJS91G
B073WGN8DW,B07DNQD5XX,B07BLQJRMQ,B08SSRDDRV
B01MTB9T2P,B083FFL967,B081351Z5K,B083FFL967
B07PD75Q26,B086CBLCGZ,B01MR5FHPK,B085VGW88B
B01MS9NU4J,B078FX6B6L,B07WS7Y6TD,B06X97PTSV
B073WGN8CR,B082R2QCQR,,
B07763W5NX,B004MS24IC,B017C0H0YE,B00L2P61VE
B01N6T6PRP,B07N8WC9B2,B07W1521XJ,B00OJQ19EW
B07T3F6JST,B07DZVW5PY,B00006407M,
B0775ZBQZT,B0000DCFE7,B001UP8WJK,
B07PFFFFN5,B07FN9NJNJ,B06XRQ2V77,
B07GF54QVJ,B003E77WA2,B07FMTQPW1,B00MR62LUC
B079L6LY1V,B001ASDCH4,B001ASF632,B0893B48DM
B07GF9P3GL,B08238PX9P,B06XSDCQWS,B07F9NDTRX
B07GF9PH3K,B081T8V316,B072J79MBV,
B01N6T68H5,B008967AZA,B01BQI3X4Y,B00G0030I8
B01N5RJL3B,B072DR42MH,B07WS7Y6TD,B07SG6JMKG
B01NBWN35A,,,
B07PFFFFMT,B075VZ6FMJ,,
B07F2NC2G4,B07SGLSS29,B07ZHWFPBC,
B07762NXPM,B017C0H11G,B01FFZU4W8,B006J1TBI6
B07SR156R7,B005MKGQY2,B0002YVPQW,
B01MR8965V,B081377F4C,B088GXMDZV,B081377F4C
B07SRXJF1W,B0002YVPSK,B005X53TSM,B07WRFP2XF
B01NBWTEG4,B01N78N3EN,B078H26THW,
B01MS9NRAH,B083LNVRCT,B092PNLRDN,B083LNVRCT
B07P8MJWJ2,B01NCVMYSP,B01NASNTHS,
B07P8MJQ2S,B07K1G89P6,B07WXMQ4D3,B07MDBGZ4M
B07GDRHSRS,B0725VDNX4,B00BEZJLPK,
B07PJV5MVG,B07QLQZVFL,,
B01MZC15UG,B016EDJKJI,B074V33SLK,
B01NBWN410,B00MX6732C,B07D4FDKBW,
B07Q1R743X,B01KW20GOU,,
B07PZN8Z44,B01LYTBLDU,B07QKJJ8Y4,
B07PHPSDRV,B075VWPLVQ,,
B01MYAGI3F,B0789HWSX2,B085WTRJV2,B0789HWSX2
B07GDS15KG,B083XKVG1G,B07KCK1M45,B01LZ2K1TT
B07PD5BVW4,B089NCXK8Q,B01N5M29L7,B01K5TAT56
B01MS9NV9T,B0069745AY,B0842X4851,
B01N4Q95VS,B071ZB885Z,B01N7IKBRA,B01N7IKBRA
B01MTB9RGG,B01KXMWWM8,B01NALM4IQ,
B079L9X9L4,B00084JMC0,B001EHVESU,B00I12J5FA
B01MR892ED,B07Z32RK2P,0,
B07P8MJZDS,B083GN33XX,0,
B07VM9T6Q1,B07RSQ9HGJ,,
B01N24KOZ6,B00BYG8N3A,B07QB4NP7Z,B00NQJ04MG
B01MZC13JY,B0757QFC7Z,B009ZGCNFK,B00BJCQQF6
B07765Z6S4,B002YGCUK6,B004EBTRK0,
B07T4J9MP4,B01N67GAGC,,
B01MZC15J5,B07MP2GV48,B07GJW33NH,
B01MTB9SIM,B01G8BWPCU,B07THBY7ZH,
B01NBWHCD6,B07S67DLLS,B00KWANYO2,
B079LD8CRV,B0012QFGPA,B0053H4XPS,B001BJR2WS
B077626HSW,B00O5AGQFE,B07TT55NPH,
B01N5RJMJB,B078H1751B,B008970V50,B08S3BRS2X
B01MYAGGEX,B083LGM9HH,B01JMZX4DS,B008937GXY
B0775YFBRC,B00NLI949Q,B01A67IIC8,
B0775YPJ5C,B00NLI94K0,B00O1DUAWU,
B01N24KI7Y,B07Z32C8TG,B08FPFPYGF,
B0775YPJ5F,B0066NVW6G,B01A67BQ4U,
B07GF5F3NB,B081T93WCK,B01DFMXW8Q,
B01N24KM9U,B08L8X2TL1,B07PMBVYWX,B00MX66MZG
B0775XKM8R,B0000DCFEM,B01A3I40UE,
B01N5RJLEO,B07Y853YQG,B07GJSBBSW,B07QCSSFWY
B07GF4X7WC,B00BEZJLPK,B00BEZKBEU,
B07GF583PV,B004350TXG,B07KBDXPQZ,
B01MR895GG,B00B2OJHCA,B00GR860IA,B00FZC33UW
B01MYAGID4,B01BQI3X62,B008967AZA,B078H26THW
B07P8MHWSG,B08DHY9RWY,B07Q8BD4JD,B079FPGS99
B07GF58DXB,B0181SV7N6,B07C4YD98T,B01HG9E4JA
B07GF586KK,B001003RAO,,
B077626HSZ,B085ZB4JSR,B08GM5JNFQ,
B07P7H5PN4,,,
B0776C21Z8,B0066NXCPK,B00HJAKZSQ,
B01N365QZ3,B00DD16F6Q,B009ZFVBKE,
B07F2R72G9,B01EVYG8ZQ,B07SX7KNMX,
B01N7UFWVD,B00DD16F6Q,B00DD16ECQ,B01N3QCMDB
B07F2861D1,B01EHPQD36,B07JFDMHLF,B074K8BZCM
B07P8948S9,B001DEL7DQ,,
B07763RB3V,B002YG7D08,B001EJWZG8,
B07767BJG4,B0819G3HSJ,B0819G3HSJ,
B07PBWH4GJ,B07QGZD239,,
B07F2NC6GK,B072V53RRN,B07QZWQKHM,B00ZH11RR2
B07PCZ1HJH,B087T6VK48,	B08FDCQDDV,B087T6VK48
B07P7H5PL5,B01MFHL4KW,B00OJNPJY6,B01MFHL4KW
B07PCZ7N21,B086CBLCGZ,B01N9R5PQ6,B08P2PYSP8
B0775ZMBFF,B016PZTLRQ,B08KTRGGQM,B07TT3WXXZ
B01MS9NU0O,B071ZB885Z,0,B00B2OJHCA
B01MUCW4ZD,B085K9M8FN,B00TGCBOLW,
B07PCZ366R,B083GNZ8YB,,
B0775YFK3P,B00NLI942I,B08KTR9QYV,
B07GF58DVK,B075JHFCMQ,B003FIGM3S,
B07PBWJ4VN,B07BGYMTBD,B07DQ93LB2,
B07P8ML7XM,B072M2K1S5,B07DQ93LB2,
B01MTB9U1U,B083LNVRCT,B08L8P4JJ2,B085WJ8XQR
B07PD75K74,B008970V50,,
B07S9SR77K,B07DTKTDD8,,
B01MYAGE6W,B07SL4ZH5F,B07FCHMCD9,B01MQWE05T
B07SZ786M9,B00HMDX3B6,,
B01N9TY5SV,B078H1751B,B008970V50,B08P2T59BH
B01N5RJW49,B07MF74J2Q,B085VGPX1M,B085VGPX1M
B07PCL8S8K,B00NLI949Q,B01A67IIC8,
B01MYAGERU,B003FMVJNM,B01N2JKBG3,
B07P9R15KR,B072BYZRHC,B07SL4Y5SN,B01AU8PXIA
B07T2C4791, B075YS6SM7,,
B07763QC7R,B001CK6JAC,B006J1TBBS,B007JX3FEE
B01N365SSE,B00OJTZS5U,,
B07PCMD4TW,B00NLI94KK,B0819G3HSJ,
B01N135VOH,B00G00329K,B00G0030I8,
B01MUCW4VA,B07SNBGWQ9,B07H3MD93N,B08FPFPYGF
B07P66VD3J,B00NLI94K0,B085ZJLSWY,
B07GF586MQ,B077TDCR1K, ,
B07P9QZR32,B01NCVGUK4,B08MKDVGMW,B086CBLCGZ
B07P74YVHN,B000QU4MSU,,
B01N6T6DRB,B078H1751B,B008970V50,
B07RQWVS84,B00EZVO4ZM,,
B07P74YK4K,B00NLI942I,B08KTR9QYV,
B07PCZ7JX8,B086DBFL3N,B08FPBN11Z,B07ZQ88W4H
B07SZ73BFF,B0002YP5W2,,
B079LL5FB2,B001ASF632,B001ASF632,B075DPMDKW
B07VQHQ4PF,B007TUHQWY,,
B07RV874TN,B00EZVO4ZM,,
B07P897TGP,B0819G3HSJ,B0819G3HSJ,
B07P9QYY88,B07QJWV4CZ,,
B01MZC0UDL,B07Z32RK2P,B07171G9JB,B00B2OF0J4
B01N4Q95VV,B01MQWEON7,B01N7IKBRA,
B07P897MZL,B00NLI942I,B08KTR9QYV,
B07GDQLQQZ,B075JHFCMQ,B003FIGM3S,
B07GDWYYX2,B003FIGM3S,B00FVUYYME,B01HYVQKK6
B07GF586K9,B003F3D4R0,B00FVUYXES,
B07768GNS4,B0000DCFHM,B008K4O91E,
B079LL452W,B001EI0TJ4,,
B07P9DRT2C,B0000DCFHM,,
B07PBWG3XH,B07G991838,,
B079L7MXTK,B001DNVZFC,B001U6I5VO,B00B0UUIL0
B073WG8R3Z,B01MUANA07,,
B07GDQLV46,B00MR4VUEM,B0020K8VI6,
B07GDWYXJK,B003FIGM3S,B000RUL8M2,B01HYVQKK6
B01NBWJJE1,B071ZB885Z,B018E7UTEC,B01N7IKBRA
B07GF58DQK,B003F3D4ZM,B003F37O6W,
B01MYAGS3X,B00OJQ19EW,,
B01N365OT5,B07VN8XS3J,B0052EDW40,B00NQJ004I
B07PCL8S7T, B007TAQV98,,
B07GF5F3HZ,B0002YQZ5S,B002ED7N8S,B01HYUQS5Y
B07PCZ367M,B07JQSF69B,,
B01MUCWBVE,B002C3NOSS,0,
B01N24KN76,B0886BQ31Q,B00CZFBV06,B07PRJQ8TF
B01N4Q9GHN,B01N7IKBRA,B07VNHKYPN,
B01N4Q9CQV,B00FPO27FC,,
B07PD6BYF6,B0018OIU40,,
B07SR159QF,B000IJR5GK,B00MCC2ZQQ,
B07GFBZ94B,B002EDGVMM,B07L2SXPG6,
B07SR156RF,B0002YVQA2,,
B07GF5F3LF,B00H7HS9EI,,
B07PD5L5XR,B07QJ4RPZD,B07KXLW82W,
B01N13618D,B0089722TS,B01N2UAV5K,
B0775YFBPY,B01A3I40UE,,
B01MTB9QAN,B0789HWSX2,B07ZCNDGF6,B0789HWSX2
B01MZC155Z,B00897D0RG,B00KXDTKBY,
B07GDWV8D7,B002EDAM5O,B000IJROL6,
B07PKWZJWP,B083J1WQDN,,
B0775ZMBDX,B001EHTPD6,B006J1TACS,
B07P9DRXD1,B001AHXOVO,,
B07P897Q9W,B007TAQU44,,
B07P7H4YQD,B00B2NQ8XC,B008UV3ET0,B00QFVOFKE
B01N1362CQ,B07DPTFDBF,B083XPMMBC,B083XF1MC2
B01MYAGG1L,B07ZCLM83S,B01MRZAZOD,B00B2OI334
B07GF4ZCPP,B003FIGM3S,B000RUL8M2,B00FVUYYME
B01MZC111E,B00OJQS6CU,B00MX66RA6,B01MTBA4V3
B07F2C9CGB,B07V1MQP35,B07RHGYNDR,
B07GDWYXKQ,B075JH78ZQ,B003F35WS4,
B07PCLV384,B00NLI942I,,
B07GDWV4N6,B012P109NY,B01JRZ1ICW,
B07PBWG5G1,B07T2C4MKR,,
B07GDQMPSY,B001A5O6F4,B0102VS7OW,B07N63Y1HL
B01N7UFZWD,B01MU70ZJL,B01MR2EIXB,
B07PCZ6T4V,B085VKYGZT,,
B01MYAGFI2,B088P26B3K,B01GSFKYJC,B01GSFKYJC
B07F2R728S,B07PF23Q2F,B07KWTPCW1,
B07P7H5GKV,B07FD3SQ3W,,
B07PDHMHD6,B075VZ6FMJ,,
B07GDWYXG8,B000HE7UHU,B00FVUZ2D4,
B07PBWGVY9,B079SRFCS6,,
B01MUCW5BD,B08838B7DB,B073WF8TV9,B073WF8TV9
B01MR891EB,,,
B01N24KR7N,B08S6M793L,B07GJRC2TZ,
B07GFBZ974,B00FQZJDN4,,
B07P897S2W,B000FCGT4Y,B001D0JRWS,B0025XNQUG
B01MS9O63C,B01M9JIWVP,B008UV3ET0,B088P26B3K
B01N365NF3,B0089722TS,B07VNHKYPN,
B07PBWGDHX,B07JQ3MPP1,B0742KGWV8,B00B2896GI
B07F2C8L4M,B00P8A6AME,,
B07PBWFG2H,B07Z981WMD,,
B07PBK4ZM9,B001ER6VA6,B000UFNY62,B002YG7D08
B07F2C7S7F,B0054Y4C1U,B0774KC3MQ,B07JYJH2PM
B01N7UG2J3,B009ZHJ4TW,0,
B07P896C57,B000UEUJHA,B002YG3P6E,B00D5YX07I
B07PCZ5GVN,B07JYPH1GT,,
B077633KXH,B00CB2I8I6,,
B07PCZ6T75,B01NAPTGXQ,,
B07GDRZYF7,B01KYHW8YO,,
B01N365OSW,B07NNS6X7H,,
B07PD5L6B3,B00MX677CS,,
B07PCZ7KLR,B07QJ58VB2,,
B07F2F65WW,B01EVYG9N2,,
B07PCM39CK,B00ZUEWY3W,B085HJNXLD,B07ZCGPM6B
B07GDQM2TW,B004EPYSFA,B002055MYW,
B07P8MJTQN,B00PHL3UG8,,
B07PD6BYQT,B01CSC4XRS,,
B01N1361AJ,B01N55TISY,,
B07VM9T88S,B015Z4BERI,,
B07GF5F9DS,B00827NMYE,B08DL617KK,
B07F2NC29W,B07BFV4WP5,B07M7J7RBB,
B07PCLV36K,B077M94RLB,B083178GY5,B084YYQR7G
B01MS9NU1H,B081377F4C,B085WTH38G,B081377F4C
B07GDWV55C,B0134A7MN0,,
B07PBWG5SS,B08LDXJTBV,0,
B07RV85KFN,B017LJSDSS,,
B07PBWH9KJ,B0762NBW6F,B01MR5FHPK,
B07GDRZVZ3,B002055BFC,,
B07P8ML82R,B0716G38M7,,
B07F2861DT,B07JYYHCS6,B072X98BD8,
B07GF9PGX1,B003FIK20C,B0020KAVNO,
B07P897S1G,B0000DCFE7,,
B07PCZ6T36,B0833KR59Q,B0734TJV2G,B0833KR59Q
B07PYJ8C2R,B00TVADKNO,,
B01N7UFYLH,B085RNSHM9,B073X4Y8KZ,B00MX6732C
B07GDQMQ17,B00405XN6O,,
B01MUCW63O,,,
B07GF7VNRC,B0134A6YPM,,
B07GF5F97V,B01HYUQS6S,B00FVUYYMO,
B01N135WN2,B00G2DRS0O,B00FM8TE0C,
B07P74YSV3,B01D6360CE,,
B01MR896Z9,B00FH0UW42,,
B07GDWZDT3,B003F3D4CU,B00MR41FB0,B077Y5RW3M
B07S7RB9B7,B0749Q4W2Q,,
B01N7UG046,B07H5GC1DS,B08LB3BHCZ,
B01MR8906D,B0827J4BHS,B08LDW7GV6,B08839NZMH
B07P897DV4,B017C13ZG0,,
B07FHBYCMC,B07QTXKHCB,,
B07PXDZK9G,B01LWJBBOV,,
B01N365QZR,B01GJQM9AW,B00I2ZHVH0,
B01MZC13KZ,B088371TNR,B00B2896GI,B07V59G6PD
B07P8MJQ3Y,B074DZQ19Q,,
B07PBWFG6P,B009ZGB6OE,,
B07RV867NW,B008EHFPG0,,
B07GF97GWX,B00BEXXPUY,B00KVLQ7VY,
B07VN9NRWC,B07K51BRPT,,
B01N9TY31C,B0089722TS,,
B01MUCW8C9,B00O5AGSY8,,
B07S6PC42M,B0742LBB6F,,
B01MS9NRMB,B00A13XNRI,B01MU3AM5B,B07VM9XFTF
B07PCLLMR2,B07CNGCGTJ,B001CK6JAC,B006J1SYNY
B07GF4MRFB,B072J7BBFZ,,
B01MTB9WYA,B085KGPVQM,,
B07P8ML825,B00PHL3RD4,,
B07GDRHR29,B01GGISBDW,,
B07GDWYXFX,B00FVUZ0EA,,
B01MZC16EQ,B00NQIZIP0,,
B01N24KPR7,B07Q657NQ6,,
B07PBWH7D4,B00G2DRPHK,,
B07P897S54,B07G2WPC78,B077N43MJP,B007JX3FRG
B07PCZ1WZR,B07RQW31JY,,
B01MZC166Y,B07BHJCZPZ,,
B01N9TYAZV,B01N5DKUAV,,
B07PBWBDWL,B07L896KFT,B01GSFKYJ2,B07W8S7S6D
B07GF586M1,B002EDCLYY,,
B07P9QZSFG,B07JQ1PHV5,,
B07P896KDB,B00O1DUAWU,,
B07GDWZFLL,B00FVUYYMO,B004GN42EW,B000GIO0J8
B01MR8912N,B078H26THW,B08CKC4QML,
B07Q1QJRL1,B01LZ50QYI,,
B01N6T6FC3,B00OHWUMD2,,
B01N365KZC,B08FPBMF18,B07KXLW82W,
B01MS9NT2L,B07SL4ZH5F,B07FCHMCD9,B01MQWE05T
B07P9DRT4B,B016PZTMEI,,
B07RRZYXLR,B07ZCKPYNT,,
B07PD6BY7Y,B07T29HSVK,,
B07PD5L73P,B07PQW2P7P,,
B07GDWZB6H,B0002YR17E,B002EDAIJY,B01HYUQS4U
B01N365R6A,B004ZOZJVC,,
B0776C21XS,B001D0JT6M,B07DGW24SX,
B07F288YW6,,,
B07GF58DNW,B00FVUZ2DO,,
B01MR897AA,B019BWR8U2,,
B07P89794D,B017C0H0YE,,
B01MZC13VQ,B00368C9OI,,
B07PBWF98T,B074DZ5W1M,B074DZLWRC,
B07PBWFG27,B074DZLWRC,,
B07F2F65SQ,B07GXFM89F,B07WFJK85L,
B01MR897CA,B01N7IKBRA,,
B07VM9TN7N,B0144NH5S8,,
B07PD6VCLW,B00PHL3RGQ,,
B07T4J9Z8F,B07N2WS22R,,
B07GDRZN8M,B003F3D4P2,B005DWJRCC,
B07P74YZVD,B000MSY7P4,B002FAYE8M,B00D5YWY0W
B07GF5F3KH,	B003F35WB6,B005DWJS6W,
B07S8QBDCL,B089NFM9GM,B08FQMZJW3,B01NAPTGXQ
B07P897THJ,B01NBXWTL5,,
B01NAVGRVY,B075DKKDF3,,
B01N7UG03C,B07FF9ZY2S,B00MX67UHA,
B01N135SLM,,,
B07P8MJWPN,B00PHL3R1Q,,
B07PW7PNL8,B01N32HA7I,,
B07PBK3M5F,B006J1TBZO,,
B0775YR8HJ,B004EPXKQ8,B07XT18Q21,B001DNUQC0
B07GDXCX6G,B003N8KB4G,,
B07PCZ1X78,B01NA9M81O,,
B01N7UG87T,B00368CBLY,,
B01MS9NOQS,B088CRJPY3,B07CNCV8FL,B08FPGK1LR
B01N1364HX,B081R9WSG7,,
B01MS9NVDP,B01HRWL0O8,,
B07P9QZQD3,B01I4W2NR8,,
B07GDWZFQ8,B002DR44ZA,B087L5PT89,
B07T5MNSM5,B07HM9ZDJ3,,
B07F2NC17N,B0054Y4CGU,B07JYY9ZWP,B00OYCSU9I
B01N365RKY,B088D29498,B08138CFFD,B07XL7V6FB
B07PBWFG3C,B07JPZL5VR,,
B07T2C43JW,B0009V1WP2,,
B07GF4X7TR,B000KKVDHO,B00FVUYYLA,
B07T5MMHXS,B00BLPS29E,,
B07GDWZFNQ,B002EDCLYY,,
B07P897JH6,B07R8TPFHY,,
B01NAVCIUU,B077Y8F9HL,B085KFY9PP,
B01MR891US,,,
B07GF586H1,B01MS44WTT,,
B07GF58FSY,B00116ZEKI,B002EDAIJY,
B07P66V615,B07K9S2BMQ,,
B07S9SNS7L,B0742GZ78N,B08LDWJ9M3,
B07763RB4C,B016PZTMEI,,
B01MUCWB14,B0018OOL2A,,
B07GF4N281,B075JHNHVQ,B08DRV2ZKN,
B07SZ73TFT,B07JN3BBLT,,
B01N4Q9BH1,B00G2DRZ0C,,
B01MR890ED,B01JMZX0KK,B00QFVOFKE,
B07VPDG9HC,B0109T8HII,,
B07GF82HSM,B000PHCNJY,,
B07P8973C1,B005J32AVU,,
B07FHB9617,B074K8BZCM,,
B07GDQMCXN,	B01LR05AQK,B07MCYF442,
B01N4Q9BQI,B00896ZN6S,,
B07T5ML29D,B01BIJXRF6,B073WHV11Z,B07FRFRJ7D
B07GDWZFHV,B089JZFC4B,B087KTBCSK,
B07FHBYCLR,,,
B07PCZ7J62,B07HGZ6T61,,
B01N7UG1AH,B074NBN11H,,
B01MZC119C,B01N7IKBRA,,
B07VQJ2CZY,B01E1E1K1S,,
B07PCZ1WVM,B07MGX4PZK,,
B01MS9NTW4,B07QCT4K26,,
B01MUCWAF5,B01JQWBO9I,0,
B01N5RJH7Z,B00FH282AQ,,
B07PBWH8RT,B00MX677CS,,
B07P8MK1DR,B07SM751SC,B01I50J3PE,B086952H36
B07S9SQW9H,B083GNZ8YB,,
B01MUCW775,B07MKJJ2FR,,
B07PZNRXVN,B01KXMWVJM,,
B07P8MJX43,B01NAPTGXQ,,
B07F2C9DNY,B0814K31SQ,B07PF23Q2F,B07PJBC3FK
B01N365QIU,B07SFVJYBG,B00B28GSQ4,B085KGFL92
B07VKPHVHK,B015Z4BERI,,
B01MR88Z95,B00KY0HKJ0,,
B07F2C7S8Y,B07T7NWCJ8,,
B07RXR8PLM,B07QKVPR9V,,
B01N6T6BUN,B0757PN3FZ,B01M9JIWVP,
B07GF7VNKR,B01NBREW2B,B016QAP6O2,
B07GDWV88C,B01KZD2PD6,,
B01N5RJ74P,B0757JDQ2Q,B01NBWNLAJ,
B01MR897RC,B005I4J1RG,B004L4APBK,
B07PZN73RY,B01LWJB9D4,,
B0775XHXSJ,B07DM7HJH1,B0176PF55G,
B07F2C8LBH,B07MJWXK2B,,
B01NBWNQHL,B01LX8AIT6,B00KTF2FTA,
B07F2C8QLK,B0153AQVBI,,
B07PZNVLD4,B083NG44X1,,
B01MTB9WI5,B00S748KEE,,
B07T3F4YVN,B07C4JWFW1,,
B07PCZ1YLM,B005FAKLMW,,
B07PXDJ8KG,B01LX6QLKB,,
B07RXRJQ4Y,B074KST3YY,,
B07PCZ7KLF,B079FPQJ5X,,
B07Q1QK2KR,B01KW20GOU,B07ZFDCKGN,
B01MZC12VM,B086CY9TVT,B0757QX15H,B0757QX15H
B07PD75KBC,B07B9WFDVT,,
B07PBWG5K9,B07RLNHMH1,,
B07PV921WY,"
B01KXMWVJM",B01N0KEZZ4,
B07764KZ41,B005HH0Y4I,,
B07GDWZ965,B00FVUZ0X6,,
B01N4Q9HIL,B01DTU3VJY,,
B01N5RJN86,B07VN6PMJB,B00BYG8N6C,B01N7WEJNL
B07PCLBM1G,B01A67IIC8,,
B07PW785N3,"
B01KXMWVJM",B01N0KEZZ4,
B07T5ML231,B0009V1WLQ,,
B01N365TIC,B00PHL3RD4,,
B07GFBZ8Z3,B00FVUZ0EA,,
B01N7UG1SW,B07JLVHTKY,,
B07P74YZYB,B07V57W76Q,,
B07T1BLPPN,B01MUF9MNC,,
B01N135YBR,B0833KR59Q,B075WTWLTY,B01N5DKUAV
B01N24KSXY,B01N6JHVIY,,
B07GF583MC,B00176D33C,,
B07GF54D91,B001172NJM,,
B07PCZ6T15,B08BWRWNVW,B07JYXXZPQ,B07T4GD2VP
B07P897KR4,B000XW0ORY,,
B07P9R1QQ8,B00G2DRPHK,,
B07GF9PGZJ,B002EDERU0,,
B07P9QYZHF, B0749LGZTL,,
B07S6PFPCY,B07FD3SQ3W,,
B07T5MG81N,B07DWLPMND,,
B07F285PSW,B07SGLSS29,B07ZHWFPBC,
B07RQWX2LY,B002O3A9WA,,
B07P8MK586,B074DZZK76,,
B07VPDFG4G,B003H4DJNQ,,
B07GDWZB46,B00FVUZ1VW,,
B07P8MKC7V,B072L4D3C4,,
B07F285SWT,B0834441D5,,
B01N1361AP,B06XZVT2CD,,
B07SBWKD31,B085WJYZH9,,
B01N7TOO9K,B07T5KM6WV,,
B07GDWYXH2,B00115R2YK,,
B07GDQLV61,B002EDGVW2,,
B07PCLBLWB,B000MT237C,B00NO7602I,B001EHTPD6
B07T2C4HF1,B01N3842BU,,
B01N1362UO,B083P6PRL4,,
B07GF82HS6,B005L993RG,,
B01MTB9W3W,B07WGSRVMC,,
B07T2C3QNZ,B075DFPR2W,,
B07F2F65M3,B072V4HY44,,
B07SF2895D,B074DZLWRC,,
B07T5MPJ8L,B0799RXGZ5,,
B07PD6BYJ2,B0745HS2LC,,
B07GDQLJQQ,B002EDAMBS,,
B07T5MMHTV,B07W4C1JNS,,
B07P9QYZW3,B00OHWUMD2,,
B07T2C4HDF,B01NBYOFJA,,
B01MZC12ZZ,B00B2B0740,,
B07GDRHR33,B00FVUZ1U8,,
B07763WXJK,B0773934P2,,
B079LKHXTV,B00084F76K,B001AH5KD4,
B01N5RJKBH,B0000DD4A6,B07C7YG53M,
B01N135TCK,B01MR2ELK3,,
B07GF9N3G4,B00FVUZ0EA,,
B01MUCW9NR,,,
B07GDWZB9F,B001172NKQ,,
B07PXDC734,B01M0ROHEE,B07R4MZ287,
B01N6T6GSH,B08279VN7G,,
B07GDRZYFP,B01HYUQS5Y,,
B01N365ONN,B07K23W95S,B08FCB15Z9,B08FPFPYGF
B07RWQJWH9,B00VQP6KSO,,
B07F2C7FT1,B074J3BP6X,,
B01N5RJXS7,B0757JDSGF,B082ZGL4TH,
B07F2C7JK4,B01C89FQS6,B00JNLGUNS,
B07GDWV8BV,B003F38736,,
B07GF4TMQ6,B00FVUZ0X6,,
B07RWR4XXL,B07QWGZYGS,,
B07GF586MC,B00FXRJSEY,,
B07GF9PGWX,B00002N59D,,
B07GDWZB78,B003F343QG,,
B07P8MK5DH,B00PVM6M7W,,
B07SZ76S7Z,,,
B01N24KLFD,B00QFVIEQ0,B0018OOLB6,
B01N5RJEMM,,,
B01N135PPL,B07SM7LNCW,B071HXVRSP,B07SM7LNCW
B01MR894TQ,B00G2DRZ0C,,
B07Q1QDV75,B01M13C61I,B095HT9X6K,
B07T5MMZ46,B07L5DVF79,,
B07PYJ7F67,B077RZSKR9,,
B07RQWX8LT,B07G774YN8,,
B01N365RFK,B07JB56WW3,,
B07GF5F3FQ,B00FVUZ1DA,,
B07GDWV56G,B0134A7UKA,,
B07RQWVSF1,B07VGNYJV2,,
B01N1364NN,B01G8BWPBG,,
B01N9TY56A,B07CZ5373R,,
B07RV872LF,B07CKPM72Y,,
B07PXDCBMC,B01LXU7C7A,B0033AHK9I,
B01N7UG2QS,B01MFG47NI,,
B0775YR8HC,B01GGQ3GK2,B07JJ387P2,B078BPJBXP
B07GF5F96P,B00FVUZ2D4,,
B07P89796B,B07G2XK4MD,B000MF882U,B00Y38T3XK
B07P897CJV,B007TAQUJ4,,
B07P9DKB1Z,B07R5N7MV4,,
B07GF4MR7L,B00115R2YK,,
B01N24KOZS,B008H6EKEG,,
B01N365HAA,B00TEELIUE,,
B01N5RJMRZ,B00M175F2S,,
B07PD6MDFX,B01JMZXAL4,,
B07PW7P61L,B01KW2046U,,
B0775VFB15,B075C5V7WW,,
B01MYAGI8Z,B0735VF4S5,,
B07SD1KNLB,B00BGKLXXQ,,
B07PW76MP9,B01LYTBLDU,B0033AHK9I,
B07NKWNYWX,"
B01KXMWVJM",B01N0KEZZ4,
B07GF4MX5K,B01HYUQS4U,,
B07T5MMHRY,B083LVLYPJ,,
B01N1361FF,B081Q7KP9T,,
B07P9DKB2H,B07DGW24SX,,
B07767BJGC,B00WW1966E,,
B07P74YSYM, B073QBZCFZ,,
B01N24KM72,B0089722TS,B01N2UAV5K,
B07F2C8T8M,B07QTHF8N4,,
B01N4Q9FZR,B078P291HD,,
B01N24KPJT,B00X5ZIWHK,,
B07PKP3S48,B07RD9QHQ2,B085RQQHJS,
B01MTB9W7E,B00KX6Z5AQ,B07QM5CHLJ,
B07PYJ83FJ,B01KW2049C,,
B07F2C7GVT,B01349WKD8,,
B07F2C8PNB,B07JKBH9ZZ,B07RQDVPWK,B07MK7MTR9
B01N24KKQR,B07BHK52MJ,,
B07F2C7GQN,B072X98BD8,,
B07PCZ5GRL,B01GSFKZX2,,
B07F2C7S5N,B07JRDZ44Q,,
B07RXR1N91,B002O3A9WA,,
B01N366157,B077Y9PM84,,
B07S8Q7HJQ,B00A0ZR6OS,,
B01MUCW89X,B081Q78DDV,,
B07GDX6899,B077SXC31T,	B003SQUR9M,
B077639PW1,B00WGL92EQ,,
B07GF82HRJ,B00FVUZ1DA,,
B01MR8972M, B01MD1XEX3,,
B01NBWNLAJ,B00QTZJEWK,,
B07PBWH8QS,B079SWFHLY,,
B01N6T6IXV,B07GJRJQVQ,,
B07GDWZB9G,B00117AS0I,,
B07RQWX2NM,B07QWGZYGS,,
B01N365TMW,,,
B07GDRHR2Y,B00FVUZ0TU,,
B01MZC0Z6V,B07Z32RK2P,B07NPMRXS3,
B01N6T6HQU,B00GGQDRXY,,
B07PCZ7K1V,B07XXZTK8S,,
B07GF5F9CL,B003F3D4CU,,
B01MR894HU,B07K23W95S,B08FCB15Z9,B07QYSFWR5
B07RXR8VTM,B07K58S7N4,,
B07P9QZZ3Y,B083GNZ8YB,,
B01N1363CU,B07SFVJYBG,,
B07GDQLQQ1,B00FVUZ0Z4,,
B07GF5F9CT,B00115TK2C,,
B07RQWVPDT,B07S3QM9P8,,
B01N365SRJ,B00368CFXI,,
B07GDRZYHM,B008MG17M4,,
B07GF4TMNC,B07KQY695M,,
B07765YQBJ,B00WW1966E,,
B07GF4TKZS,B0134A79VK,,
B01MR896DG,B078P291HD,,
B01N7UG059,B077Y9PM86,,
B07GDRZYD7,B00FVUZ0X6,,
B01N6T6CUI,B07PMTF4TM,B07PRTFY5Z,
B01MUCW6OL,B00365W0V8,,
B07GDQMDFR,B00FVUZ2YI,,
B01N9TVHYE,B000G1P71A,,
B07GDWV4JQ,B001BPY7V6,,
B07GDRZVYV,B0134A6IJO,,
B01N365L87,B00B289QL8,B07JPGDQNK,
B07S9SQW8B,B0856Y3631,,
B07GF5FTQJ,	B00FGQX2TE,B00115YEBY,
B01N6T6MRI,B086CY9TVT,B0757QX15H,B00B28EE4C
B01N135WPA,B00S712P2U,,
B07PBWFWT1,B07K4XQ1PD,,
B07PBJZ62Z,B0026T5V66,,
B01N4Q9NBZ,B0757Q2KXN,B085KFY9PP,
B01N9TY0C3,B00TXCCZP4,,
B07P9QYY9X,B07Z83B1D5,,
B01MTB9UOA,B00MX66EDG,,
B07GF9WY3P,B072J7BBFZ,,
B07GXPLMBJ,B003H48BOI,,
B01N6T6I2U,B07PMQ63ST,,
B07FHBYWPY,B005IV0DAS,B07TT3GQ6K,B07ZCS595D
B07RW99ZY5,B07CNCBZJ7,,
B07PXDCMNW,B01M0ROHEE,,
B01N7TOVY8,B07PYV94XQ,,
B01N9TY64L,B00892VHRG,,
B07T1BL8SX,B002ZZ5VUW,,
B07GDQNP8C,B00408DRWQ,,
B0775YFK1Z,B000WLBMHW,B001E74O3C,
B01N365SX0,B077Y834J1,B01MDUQQXV,B009PXR85S
B01N7UFYW5,B0757JDQ2V,,
B01N6T6BFC,B085K9M8FN,,
B01N135VOQ,,,
B01MYAGI09,B07KBW3CVC,,
B01N365CB2,B081RCD25Q,,
B01N135XVK,B00XAPCRVW,,
B01N13646M,B07K8K7G93,,
B01N4Q9FAT,B00896VOSY,B077Y88CDJ,
B07PD5L637,B01NAPTGXQ,,
B01MS9NWMY,B0002MPJIO,,
B01N135YPT,B078GZFZ3V,,
B0775YPJ3Y,B00004TU0F,B0045FIW7E,
B07RXR8PKX,B07X2S4836,,
B01MS9NW0R,B01EM648RI,B01LYTYQUZ,B074V5VHP6
B07GF54QSQ,B00YMFGN00,B00115UPSU,  
B01MTB9VC3,B07T2C4MKR,,
B07S8QB6QZ,B0742HJJK8,,
B07GDWV4PM,B0134A6QWI,,
B01MYAGFLP,B01M7Y5784,,
B01MTB9YJ5,B00PHL3RGQ,,
B01MS9NO9T,,,
B01NAVDX8H,B00365W0V8,,
B07763QX71,B000SQS6L6,,
B01MUCW8NT,B00MX66RA6,,
B07GDQNK7Q,B004EPYSGY,,
B07762G332,B01FFZU4W8,B07MM9TY7G,
B01MZC13M4,B07CZ5373R,B00G2DRWYG,
B07GDRHSMQ,B003F3AZHM,,
B07PYJXMYY, B01LX6QL46,,
B07T4J9MKQ,B0114C1TM0,,
B07VPDF72J,B075DCRFM4,,
B07PBWG3YW,B004MB50GW,,
B079LL22TC,B0077NCJC0,B004CCRLK4,B003WOXFM6
B01MUCWAYW,,,
B07GDQM2N4,B07BFT9K3R,,
B07GDWV545,B01DYCLH16,,
B07VN9PW5Z,B00PUTELCO,,
B01MR8942L,B00LV8QEDM,,
B07T2C3QN1,B00004SQLH,,
B077626HSC,B07K9S2BMQ,,
B07VN9NRT8,B001F6U3KK,,
B07VN9N9C4,B001F6S2X0,,
B07F2C9CFR,B00BYG8A5G,,
B07F285PQ6,B00GC29XIU,,
B01NBWNQKQ,B00CSWFS46,,
B07T5M9JZS,B07ZHFFLQ7,,
B01MTB9QXS,B07TBLRWW9,,
B0775XKM84,B006J1SYNY,B003BLBLZ8,B07MM9TY7G
B07T4J9MN4,B0009V1WP2,,
B07SZ7732P,B000HWPJRU,,
B07PXDFRFS,B07VWNPKMR,,
B07PW76MMY,B07R8TPFHY,,
B07F2C7FXL,B07D297MXX,B07JHN83N6,
B07F288YYJ,,,
B079LL4527,B00065XOO8, B002V3XU6K,B004CCRL8Q
B01N365MFF,B01MQWE05T,,
B01N365NP7,B00DTTJ3GG,,
B01MS9NS2U,B01MYY1ANL,,
B01MZC0ZQ5,B07XXSD4DM,,
B07PD734LW,B085KFY9PP,,
B01N9TY49U,B085VQL878,,
B01N4Q9F4D,B0767Q2GVJ,,
B01MYAGDIE,B0757JDQ2V,,
B01N135SI3,B00FGV3GOK,B00891NMAC,B00MX67UHA
B01NCXPRV9,B077Y5M9GV,,
B07VQJ2D1L,B07JNM6R5Z,,
B01MYAGIMK,B07NXT799K,,
B01MTB9Q3Z,B085K8TM82,,
B01MR897YC,B0064MDQ0E,B002YGMPRE,
B01MUCW8JE,B00DNEYT2K,,
B01N4Q98O0,B00TEELIUE,,
B01N4Q9HIH,B019BWR8U2,,
B01N365ZUV,B008UV3ET0,,
B01N135VDX,B00DTTJ3GG,,
B01N5RJIWT,B004W4ONGW,B07C3K4VM1,
B01N5RJWRQ,B01BO6EJ46,,
B01N4Q9HOP,B01BUDARLC,,
B01N9TY3J4,B00MX4AO5W,,
B01N9TY5RD,B085KC8H55,,
B01MUCWJZW,B00QFVI7A8,,
B01MR8955U,B00MX66VIY,,
B07F2CB76V,,,
B01N9TY7UF,B07BHKHPF7,,
B01MR890X5,B08279MCMJ,,
B01N4Q94XW,B01N30ABAE,,
B01N6T6D18,B083GXKYPF,,
B07F2NC6L9,B07SPBLBNK,B07SPBLBNK,
B01N365KLV,B0742GJBDR,,
B01N24KL7K,B077Y88CDG,,
B07VQJB5NV,B006MWQKOU,,
B01N135ZBJ,B000G1P71A,,
B01MR8929M,B00TKTBCK4,,
B01N1360M1,B00JHNXRII,,
B01N36607C,B01BUDARLC,,
B01N7UG2VG,B077Y9PM86,,
B01N4Q9A6G,B085KC8H55,,
B01N9TY3VB,B01N1Q30LX,,
B01MS9O3XQ,B01BO6EJ46,,
B01N4Q9D0T,B00JHNXRII,,
B07RXR8VSG,B002O3A9WA,,
B01NCXTU18,B00S734FTY,,
B01MZC10EX,B00DJYA0TU,,
B01N7UG4EP,B00TKT8YAU,,
B01N5RJJS2,B00JDPYVPS,,
B01MS9NRAM,B00KY0HKJ0,,
B01N6T6DYB,B008UV3ET0,,
B01MTB9TUY,B085K8ZMYS,,
B07GDWYYVC,B00FVUZ1CG,,
B07S9SQHSQ,B07JW8Z5M3,,
B07RXRJQ52,"B00J5NHRR2
",,
B07PBWF9FC,B07JPGDQNK,B00B289QL8,B00892VHRG
B01N5RJHSW,B00QFVPK76,,
B01MTB9UTH,B01MFG47NI,,
B01N24KJE7,B073X55PQN,,
B07S9SR5BH,B08QR9X6YC,B01K5TAT56,B01N5M29L7
B01MS9NQ1D,B008967AZA,,
B01N365KH9,B0757JDQ2V,,
B07P8MK592,B00MX67B1K,,
B07PXDJM1Q,B01M0ROHEE,,
B01N24KQMF,B07JB56WW3,,
B07VPDFG37,B000TF1L18,,
B07F2861LP,,,
B01MS9NVO6,B01NCZUG9B,,
B07GF5F9C9,B0134A79VK,,
B01MR89I7Z,B00FGE70RG,,
B01MS9NQZF,B0856Y3631,,
B01MUCW6O7,B07PMTFT8J,,
B01NBWFDI6,B01MTO2951,,
B07GDXCX75,B004EPYSGY,,
B07GDRHSPT,B00H7HSMMM,,
B01N6T6DOW,B01GSFKX7A,,
B07RV867RY,B002O3A9WA,,
B01N24KPIK,B01MQMITXL,,
B0775XKM83,B003FZBE9I,,
B07GF4MRCT,B00205BCFA,,
B01N1368L4,B01JMZX0KK,,
B01MZC1G4L,B00QFVOFKE,,
B01MTB9RVS,B00G2DRZ0C,,
B01N9TY91X,B01GSFKYJC,,
B07GDRHR41,B01L7X9NVK,,
B07F2C7R19,B074J3BP6X,,
B07F2C7GVX,B00AHGYD5A,,
B07PBWBDY5,B00TEF3RS4,,
B07765YQ9W,B07Y32TNKY,,
B01NBWTGY3,,,
B01MS9NMQ3,B07WGSRVMC,,
B01MZC0V3G,B00MX6732C,,
B07RXR8VWC,B01578M4YO,,
B07F2F536W,B0054Y4V2A,,
B07F2F8QY5,B074J3BZQN,,
B07PYJ9HJR,B01LYTBLDU,,
B07GDWV8C7,B00P2LGISA,,
B01N4Q9DLB,B085WJYZH9,,
B01N5RJ2AP,B077YDWWZW,,
B07F2C7R5C,B07MNFRVM3,,
B01NBWRW9U,B00B29SKXW,,
B07F2C8L8T,,,
B01MZC128W,B00MX66EDG,,
B07F2F2HZ9,B072V4HY44,,
B07VM9T6PV,B000TFHN56,,
B01N7UG2P2,B07W8S7S6D,,
B079L9TH6V,B002V41ZMK,B004UPUEM0,B00084ZTWW
B07GDWV4PK,B077TBZ5TH,,
B01MUCW5B9,B00MX67B1K,,
B01MUCWAUF,B07CZ5VWFB,,
B07RRZYPJ2,B017LJSDSS,,
B01MYAGS3L,B00DJBBRB8,,
B0775YPJ5K,B00WW19N44,B07F4F1J9S,B07JG9G9ZJ
B07GF4TL2P,B001003RAO,,
B07PYJD14Z,B01KJUC2KG,,
B07GF9N3MZ,B0851NT4C3,,
B01MS9NRWK,B071XSN73X,,
B01N6T6BT0,B07JPGDQNK,,
B01MTB9PTU,B0757JDSGD,,
B07GF58FTH,B00F8MIP34,,
B07F2R74G9,B07LC6JDHT,B07S6F9HP8,
B0775Z9ZCC,B001EHTPD6,,
B01MUCWKWG,B01BTAVG02,,
B01N365RKZ,,,
B01N6T693S,B077Y6B3YY,,
B01MS9NR0I,,,
B07P9QZSN9,B01N5M29L7,,
B07F2C56GV,B074J3BP6X,,
B01MUCW9ZB,B085K8TM82,,
B07F2R74CH,,,
B01MUCW8VC,B00G2J0TRW,,
B01MR8920S,B01MR2EIXB,,
B07PXDJM3M,B01M13C61I,,
B01N7TOO9I,B0734VGHXQ,,
B01MYAGHD6,B00896ZN6S,,
B01N135WCG,B00FJBTCZE,,
B07GDWYXHX,B00002N75T,,
B07P9QZQ1F,B07DPQLRSY,,
B01MR8937B,B07QBYLKC4,,
B01MYAGG15,,,
B01MYAGGVB,B07KSYJCXD,,
B07PBWG5J7,B077GTJLHQ,,
B01NBWFN0G,B00MX66NF0,B00MX66NF0,B07NWWGZDG
B01N5RJHHO,B01NA9LEYC,,
B07GDRHR47,B00115TK2C,,
B0775ZBQZX,B000QU1NMI,,
B07VQJB5M9,B087QR44RB,,
B01MYAGHF2,B01MYZE83Y,,
B07VPDF9H5,B000TFHN56,,
B01MZC0ZLD,B00B2NQ8XC,B008UV3ET0,B00QFVOFKE
B07GF4X7QG,B00FGQX2TE,B003SQUR9M,B002YLPQI4
B01MR8984I,B01MUEGMD8,,
B01MR88X3Z,B00G2DRWYG,,
B07RQWVSK1,B00UL9YTUW,,
B01N4Q9C1P,B018PX0WQU,B01HGNPB3Y,B00O1A4NFI
B079L7MRD9,B0012QIZQM,,
B07GF4N26C,B00002N76A,,
B07GDS26Y9,B00BD6DNYU,,
B07P9QYZJC,B07MGX4PZK,,
B07GDQLJQL,B00FVUYZXW,,
B07FHBYCPQ,B079SZZ2Z7,B00402VN8W,B07CLJJZSQ
B01N135YE4,B00PHL3R1Q,,
B07PCZ6VLV,B07NXT799K,,
B01N9TY3WE,B071YHH23Y,,
B07762Z88P,B00113YJ7U,,
B07765YQ8S,B001ER6VA6,B07MMG5JTD,B000UFNY62
B01MTB9VOO,B07JYXXZPQ,,
B01MR891WF,B079SJ1DKJ,,
B01MR891WD,B071XSN73X,B07GJTXD2P,B07BJJ6HHN
B01N7UG86Q,B01N9FRQ1R,,
B07RXR8VWM,B074LC41Q2,,
B0775YR8G5, B007TAQV98,,
B01MTB9X9E,B00PHL3RHU,,
B0775Z9ZC6,B00CIR1D1S,,
B073WFL5TH,B01MUANA07,,
B07F2861D7,B07GTLK6R6,,
B07F28928F,B00XV3F4L8,B07YJS5RYB,
B07PCZ35Z3,B079FPQJ5X,,
B07VPDCXZL,B015Z4BH34,,
B01MZC14MD,,,
B07GDQLV5J,B00FXRJK9M,,
B0775YP7GZ,B002YG3P6E,B008K4O6LW,B000NUIBKI
B01MTB9V5L,B00MX673U4,,
B01MZC1CYD,B00QFVI7A8,,
B07762Z897,B0053WTD30,,
B07GDWV53C,B00115UPSU,B077T35Q9F,
B07RXR4QHJ,B074LBPZQF,,
B07GF4TMWL,B003H48BOI,,
B07F2C69RP,B07FMPXGWS,B07MMPDH8Q,
B07F288Z1B,B07MKK5PHM,B0771LVD4F,
B01N7TOO9X,B07XXZTK8S,,
B01N135ZCW,,,
B01MTB9X1Z,B003FMVJN2,,
B07F2CBP9Q,B07BFV4WP5,B07M7J7RBB,
B073WFL5B7,B07CKRM6M8,,
B01N365S5D,B00G2DRS0O,,
B01MS9NU5U,,,
B07PBWH6JF,B085RH88R2,,
B01MS9NS6V,,,
B07F288Z15,B071J9R18G,B00JNLDFHC,
B07GF4MRC5,B077SXC4Q9,B077SXC4Q9,
B077626QDQ,B07TT4TB3R,B00ATAMMIO,
B01N9TY9YM,B00PHL3UG8,,
B01N4Q9CZI,B072TZZSY3,,
B07F2C7S4K,B07R3V2BDX,,
B01MS9NTKY,B071VW2KWM,B01MRZAZOD,
B01N6T6IL6,B003FMVJN2,,
B0775YFBR1,B01FG1K0CU,,
B01NBWVAH7,B01BO5I61E,B0829DZ398,B07PV7X7BD
B01NBWHGY1,B07CZ5373R,B00MMN5VT8,
B01N6SFE53,B078HBLRVY,B078HBLRVY,
B01N135WJW,B07D3NHM21,B00B28EE4C,B0829KTFRY
B07F2F2L7X,B07THWDG6M,B01FDBJZFQ,B016I7XRV2
B07GDWYZ3H,B077SXC31T,B076DMF131,
B07F2C8MN6,B07MJP88JN,B07M9888C7,
B0775Z9ZDK,B001D1DUX4,B000MVRUU0,B001ASHMUW
B01N5RJKXS,B073ZN11XQ,B073WGF4BQ,B008VF49YE
B01N7UG1AV,B07VLSJBH3,B0064MDR76,
B01MS9NR33,B00L19U9ZK,,
B07F2C56NX,B07FJPGYNQ,B07PTQF33X,B016DD2S98
B0775VF9ZM,B07TT4TB3R,B00NLI942I,
B07F2861JK,B07C1L5GL5,B07QVP4G36,
B07GF583NX,B003SQUR9M,B083DNCDNR,
B079LJZF95,B002FAYEZK,B003WOW0AE,
B01MS9NV77,B00CSV1B4S,,
B0775VF9ZL,B0176O8IBK,B07DM75VH8,
B01MS9NPOE,B0064MDQ0O,,
B07VPDFX1Y,B07XXTR389,,
B079LKNJT9,B0026T2V9G,,
B079LKQNWP,B00996OWD2,B004CCRL3Q,B0012QGX9S
B07F2C8RSH,B00O4CUF8W,,
B079L9X9LJ,B07FCT411F,B001TABQ44,
B01N135WCU,B073WFGVCZ,B081NJNMYC,B07KY329M8
B01N24KQA7,B07TBLRWW9,,
B07GF9P3FJ,B00115UPSU,B077T35Q9F,
B07PZN9BCP,B01LX6QL46,,
B07GF9PGZF,B075JHFCMQ,,
B073WF6JMB,B07WFQB99F,,
B01N6T6HRO,B00FGEKW30,,
B01NBWN352,B081RCD25Q,,
B01MZC13LI,B01MR2ELK3,,
B01N9T6PBA,B0757JDSGD,,
B01NBWEFL5,B00S734FTY,,
B01N5RJS46,B077Y6B3YY,,
B01N4Q9P0D,B077Y6B3YY,,
B01N136C0C,B00QFVPK76,,
B01MZC1DI6,B00QFVPK76,,
B0775YFBQC,B000F67OF8,B0175GKZ0Q,
B07GDQM2SH,B00002N75S,,
B07GDRZYKR,B00DFKQNOE,,
B01N365TL2,B016EDJKFC,B07BJ612RK,B0000DD4A1
B01N9TY576,B00OJO2XQC,,
B07PXDCGSS,B01LX6QLKB,,
B01N4Q9810,B01GCHM6X8,B00CSWEKT0,
B01MTB9V7K,B00X5ZIWHK,B00H7K05R4,B07PK9TYZR
B07763QX6P,B00DYZZHCY,B07MCN5M33,
B01MYAGKEJ,B00897D0RG,,
B079L7MRDY,B003QZXETA,,
B01MS9NSRW,B0089722TS,,
B01N5RJMK2,B00LZTETKM,,
B07GDWYXKT,B077TBZ5TG,B08G88FXMR,
B07GFFLGG9,B000WS5J60,,
B07S6PB9K7, B0745HS2LC,,
B07GDWV89W,B00002N58X,,
B0775Z9ZDZ,B07H3JZ85M,B07XM3HF11,B01A5EGCJS
B01MZC12SR,B00JHNXRII,,
B073WFBVH6,B07F285L5C,,
B01MR894ZY,B00DTTJ6AO,,
B07SD1KNJR,B00B285L6M,,
B01MR895C3,B085K87F82,,
B07P9QZSQC,B01I4W2NR8,,
B01N365Q3B,B07PPXM886,,
B07VKPJ2CM,B015Z4BH34,,
B07GFBZ93C,B0784X653V,B07V5RMN1W,
B0775ZMBF4,B00NLI94K0,,
B073WDZ9MD,B06ZZ8ZV7C,,
B07SBWKRYJ,B074DZM9HJ,,
B07RW99JF5,B07S3QM9P8,,
B01N7UG6S1,B00JHNXRII,,
B07GDQLJRW,B0134A6L7I,,
B07GDWV8TW,B078C8Q4JM,,
B01N5RJJ79,B00FGE7C1A,,
B07GDRZXR6,B000KE2RQ6,,
B07GF5FTLN,B00H7HSGWI,B003F35WS4,B074T9ZCJH
B07GF5F3GP,B00117ARZY,B00FVUYYLU,B01J9ZZBXW
B07T3F5NL3,B075WNJWJ3,,
B07GFBZ8ZW,B002EDAIFI,B00H7HSSJ4,B002EDGSPM
B01N4Q9EX5,B00XAPCRVW,,
B07PHPP3NN,B082PWQ2T3,,
B07GF58FLL,B07GFPMSVD,,
B01N5RJIK4,B07CZ5VWFB,B07ZX721KN,
B07PCZ6TCC,B0742GJBDR,,
B07GDQNP7M,B003MX7L7C,,
B07GYC94VP,B00F8MIP34,,
B07RV86ZVZ,B07VT5FDBZ,,
B07P8MJQ8D,B07Q7VYDDN,,
B07GDWYZ28,B01M24OEJZ,,
B01MUCW82F,B07WTTY85W,B00KY125W6,B07WTTY85W
B07Q1QJVTH,B07DB5WTJP,,
B07RWR3QRH,B07RHSKG93,,
B07RQWVMM6,B011W224HQ,,
B07S9SNQRR,B07DTLS1GS,,
B07VPDCY1M,B000TF1L18,,
B07PBWB5VG,B07BGYLD7X,,
B07SD1KNJ8,B083GN33XX,,
B07GDWZ975,B003F343QG,B00115TK2C,
B07GF5FMJM,B003F393N4,,
B07PZNV637,B07LG28JKX,,
B01MYAGJUV,B0089722TS,,
B07GDRZXSS,B00H7HSSJ4,B074T9ZCJH,
B07PBK48SY,B000SQS6L6,,
B0775XKM8G,B008X0VM5Q,,
B07RXR8VRF,B011W224BM,,
B07GDWV8SS,B00FVUZ2D4,,
B01MS9O5OC,B00RZUTC0C,B00B2NQ8XC,
B07GF4MR7N,B00FVUZ2YI,,
B01MR88VZ7,B00LZVALVG,,
B07PXDZP17,B07LG28JKX,,
B01MR8983H,B07TY46KF7,,
B07RV874T6,B076C5M6RJ,,
B07GDRZXXJ,B0134A6YPM,,
B01N24KP9V,B078P291HD,,
B07GF4TMP3,B00FVUZ1VW,,
B07GDWYXG1,B00FVUZ0X6,,
B07GF58FPG,B00117ARZY,B00FVUYYLU,B01J9ZZBXW
B07RV872QN,B07CJSCHR5,,
B07T1BK92F,B00004Y8DQ,,
B07PBK4ZQQ,B07Y32TNKY,,
B07GF58DRM,B00P2OJ8UW,,
B07F2C9DT8,B075L81JP5,B0061XRVWK ,B000B8WFEA
B07P8MK2VV,B07BGVL8RJ,,
B01MUCW765,B07CZ5373R,,
B07PKWZJQD,,,
B07PD6CZKR,B008VF49YE,,
B01MUCW9HA,B07MKJJ2FR,,
B07PCZ6T5T,B0746MPWG3,,
B07RV86XSN,B07VVBFSDG,,
B07PBWGYRL,B07QJXLNB6,,
B07GDQNK71,B001172NIS,B004T3KFPY,
B07P9DRXH1,B01B5NFLIG,,
B07PV9QRHZ,B01N0KF43M,,
B07GDWZ9C4,B00002N58Y,,
B07GF7VNMZ,B00H7HSSJ4,B001172NJM,
B07PV97JLJ,B004U3U3DC,,
B07S9SNS7G,B00B285L6M,B0716Q1CV3,B00B28EE4C
B07RV85KCV,B07MQX72WN,,
B07GDQM2S9,B00FXRJSNA,,
B07S7RC7PL,B00891NMAC,B01N94GJ5J,B00B2896GI
B07GF4TMPS,B01NCSQGRQ,,
B07P8MJTMB,B01GRNT0NG,,
B07PGKXCT8,,,
B01N9TY3K7,B078H26THW,B01MFHMY1L,
B07GDWZ9BS,B00H7HSGWI,B075JFMXNN,
B077633KZ5,B00WW85I0U,,
B07763QC8F,B075C5V7WW,,
B07T3F975D,B00HMDX3B6,,
B07GDQLTZP,B00NT1OX5K,,
B07PJJ72HS,B07NVPTGST,B07TXP2CP8,
B07P66V61J,B07D3PHDKW,,
B07RWQJWBM,B007UTSALU,,
B07RWR3QMQ,B01M06HT6M,,
B0775YFBR3,B016PZTMEI,,
B07PCZ1HK6,B0745G7S8V,B0757JDSGF,B01JMZX4DS
B07GF58FNG,B01KZD2PD6,,
B07GF582G8,B00FVUYYLU,B003FIGM3S,
B01N7UG6S6,B07R13YVWX,,
B07GDQNKB1, B003FIK20C,,
B07PHPNS1B,B01I91PCIQ,B00D2K35FW,B07L4PX5G7
B07GF4X7QW,B003F37OLM,,	B0002YVXHI
B01N4Q81F7,B07ZCLM83S,B01MRZAZOD,B00B2OIHVM
B07S9SNS78,B08FDCSFCQ,B07PQYKMH9,B01GSFKZSC
B01N6T6DTQ,B00891NMAC,B00MX67UHA,B01N94GJ5J
B07GF582GR,B002ED7N8S,B00115UPNK,B01HYUQS5Y
B07GDWZDT1,B003H48A94,,
B01MS9NSET,B085KFY9PP,,
B01MYAGJ81,B07GXB588W,B07ZCNDGF6,B07GXB588W
B07GF4MX46,B00FVUZ0TU,,
B07NKWTM9Y,B01KW20ETW,,
B01MTB9U05,B073WFZWZM,,
B07SF1RLBC,B07DTGDXM2,,
B07PCZ7BLY,B00PHL3RHU,,
B01MUCW4YZ,B07WLKTCXS,B07GJRC2TZ,
B07GF54D8K,B00FXRJSMG,,
B07PBK4ZMS,B017C0H15C,,
B01N5RJOD9,B00B2OJHCA,B06X41VM5Y,
B07GF4N27S,B07M6MZZML,	B07S3QM9P8,B07P46V5ZJ
B07GDQMCX9,B01LOZTA0A,B083XKGM8X,
B07F2C9CLC,B07DVZRPYX,B0776TFMLB,B07QG2DJ9R 
B07PBWGYQD,B07T28KW8K,,
B01N4Q9AU8,B07BHKHPF7,,
B07GF586FM,B01MS44WTT,B00FVUZ2BQ,
B07GFFLG89,B01MT5U16P,B00FVUZ1TO,
B07GF5FTJT,B07T2NY55R,B00R7JVFCE,B084T3LBCN
B07GFFLG8C,B00FVUZ2BQ,,
B07GF7VNMV,B005XVDPY4,B07WS4XNMN,
B07PDHM22G,B00QR2QCJI,,
B07SBWKD4G,B005FAKLMW,B01MR891PX,B01MTBA4V3
B07T5MMHYH,B07QQBFLQ5,,
B07PG7W2K5,B07RFBVKZY,,
B07PBK48QS,B01D635YSA,,
B01N5RJQQQ,B00RZUTC0C,B085K8ZMYS,
B01N135YBU,B07WXMQ4D3,B075WWZ5Q8,B08FPBMF18
B07GF5FTM5,B003SQUR9M,B00FGQX2TE,B07TPT8X2H
B07GDQLV1H,B00FVUZ2YI,,
B07SBWDK5S,B08LDWJ9M3,B0742GZ78N,
B07NL1XN2L,B07LG28JKX,,
B01N136DAD,B01BO1SHR6,,
B07PCZ5GNC,B074B8X85G,,
B07GF5FMFP,B00FVUZ1U8,,
B07SD1NWZY,B00OJQS6CU,B0767Q2GVJ,
B07P8MJX7F,B0734VGHXQ,,
B07P897KPK,B004YK5XAO,,
B07PCYXP2Z,B07ZX2R4SP,,
B07PLXY3M2,B07P4MY68W,B07NZBT6P2,
B07PBWFX2H,B07WLKTCXS,,
B07PZN3FHH,B01KW20EQ0,,
B07P66VD1J, B002YGCUK6,,
B07GDWZDV4,B01HYUQS54,,
B01MR893N0,B07M5J2SCD,B01BO5I61E,
B01MYAGI4P,B01N9FRQ1R,,
B07GDQLJNW,B07TC3JPWD,B005XVDPU8,
B07S6PBB79,B00B289QL8,B00892VHRG,
B07PBWHFXL,B07BGVWDW7,,
B01N135YA4,,,
B01N5RJVQY,B001RTS7OY,B01N8S4WRI,
B07PD734FX,B008UV3ET0,,
B07P8MJ29J, B01NAPTGXQ,,
B07PBWH5NV,B072C9DTTY,,
B01MUCWAPK,B078H1751B,B008970V50,
B07T3F629R,B01BIJXSFA,,
B07RV879LT,B076C5M6RJ,,
B01N5RJLEG,B07TY46KF7,B07BHJJFQ5,B07TY46KF7
B07GF5F3H6,B00YMFGN00,B01N5TVBJ1,B07QZ28K85
B07T3F628P,B075H8KPG2,B0875STZPL,
B07P66V4FZ,B016PZTMEI,,
B07PBWH5N2,B07ZX2R4SP,,
B07GXRC3H3,B012G9X6UI,B07RT238HM,
B07PD6BYQG,B073WFZWZM,,
B07PXDCMTM,B083TQWFRH,,
B01N1361V0,B07SXGNSGX,,
B07PHPSDLX,B07ZHLC37T,,
B01N9TY7UE,B083LGM9HH,B08N46XCJY,B077YFJMPS
B01N7TOY5T,B0757JDQ2Q,,
B07GXRCN59,B00EDMIIF0,B07RT238HM,
B07PHPSDRG,B07DKTLTJH,B07QXZSBJS,B06XD79NX3
B01NAVGV9P,B00G2DRZ0C,,
B07P7H5GL3,B01MTO2951,,
B07GDWZB74,B009MU403M,,
B01NBWTH07,B07VG1WLBN,B00KY0342W,B00DTTJ6AO
B01N24KMMN,B00QFVPK76,,
B07GXRBS8B,B00115R2O0,B0081Q6HPW,
B07GDWV5WT,B012GA04KW,B07YBJXT6G,
B07PCZ44QK,B00B2NQ8XC,,
B07F2NC59L,B0054Y3P90,,
B07SPHRCLZ,B00554SP3K,,
B01N5RJK69,B00RZPEGJ4,,
B07PD75Q5N,B074PQCR3V,,
B01N135XZR,B07H5GC1DS,,
B07RV876BK,B083657M19,,
B01MS9NRLR,B07F8RQYB6,B07W6KXK96,B07GJRD6X1
B07GDQMCVZ,B00R7JVFCE,,
B01N7UFZIN,B08FMCR2YD,B077H4QWQK,
B07PCZ1YTX,B00MX6732C,,
B07PCZ6TCN,B0742GZ78N,,
B07RT32435,B07CKKYHFS,,
B07GFFLGH5,B07RT238HM,B001007QJC,
B07PDHMKX8,B07Y1VP98T,,
B07RXR1N74,B009717NEY,,
B01MZC15JL,B07F8RQYB6,B0832K5ZPY,
B07P66V9CB,B07Y32TNKY,,
B07GF97GW4,B0081Q6HPW,B00115WM2C,
B07GF7VNLP,B001A5O6I6,,
B01N7UGGJ8,B00B28EE4C,,
B07PGKX4H9,B00S721X0E,B07H15GP7R,
B07PBWFWWM,B01N94GJ5J,B00B2896GI,
B01N7UG07Y,B07PRCZ92Q,B07GJSJ7NV,B07NW91SMB
B07GF5F9CM,B0134A7UKA,,
B07F2NC2GK,B07MYND8HN,B01N0APMYX,
B07RW99ZZZ,B082P4QWSW,,
B01MYAGFD2,B083LNVRCT,B0716Q1CV3,B0757PN3G1
B01MR8958Y,B073WJ8K1Y,B015HS5HE8,
B01N365QPS,B0757Q7JVV,,
B07RT32L8T,B0042BA46I,,
B07PJV5MVS,B000IKNTVY,B07G77LP8X,
B07PBWGDMH,B00JHNXRII,,
B01MR8983Q,B07PMQ63ST,B00B5EFFQE,B01NB8PALR
B07PHPSK3C,B005TE2M5S,B016APUSNW,
B07PCLTKF1,B016PZTLRQ,,
B0775XKM8K,B01A3IBUQG,B001EJUY52,
B01MS9NRDV,B07PQYKMH9,B00TKWGAF8,
B07PHPSDLL,B07VVJ6RMG,,
B07T1BK919,B0009V1WMA,,
B01N9TXWX0,B085VQL878,,
B073WGDR21,B07CKRM6M8,B07SVCB25R,B08HHZ8XTN
B07PD734MC,B008UV3ET0,B01JMZX7L2,B0757QX158
B07PXDHZYV,B01KW2049C,B094D1HVVF,
B07P897S79,B00HJAKZSQ,B07V57W76Q,B0066NXCPK
B01N6T68FX,B01BO6EJ46,,
B07PCZ6T3W,B07Q8BD4JD,B08MKG88MZ,
B01MTB9S42,,,
B01MZC1DST,B083LNVRCT,B085WJ8XQR,B0716Q1CV3
B07RWR52WN,B01KYHW8X0,,
B07RRZYS3M,B072MFXMT4,,
B07PXDZP3J,B01LWJB9D4,,
B01NAVCIV9,B083LGM9HH,B092PMSR1W,B085KMG6R6
B01MR891PX,B01MR891PX,B077YTC3CH,
B07Q1RCXNF,B085JHV3Q6,B001GM57C2,
B07PW78D2J,B0086DUMVK,B07R4MWF48,
B07Q1R73WQ,B01LWJB9D4,B0033AHKQG,
B07RQWX6FQ,B076C5M6RJ,,
B07PD6BYHB,B07JQ2RNSB,,
B07PJTYNBR,B0758C7XQS,,
B01N6T5DCW,B01MYXIEE4,B0833KR59Q,B01MYXIEE4
B01N7UG3H7,B088H1SHTB,B01BO1KJJU,
B07PZN9BF4,B01M13CZHW,B098R275C6,
B01MUCW5N2,B01N94GJ5J,B00B2896GI,B00891NMAC
B07NKX2BRD,B0033AHKOS,,
B01N7UGH68,B083LGM9HH,B008937GXY,B008937GXY
B07S7RCRMB,B08FDCQDDV,B0894CFHWQ,B08FDCQDDV
B07PJV1W1S,B017LJSE0U,,
B01N9TVHX3,B01N1RY9L8,,
B07PHPSDMB,B07G54S3TT,B0834MFHNB,
B07P8MJWM7,B01GRNSYG0,,
B07PCZ7K1J, B07Q794575,,
B07RQWVTXW,B072MFXMT4,,
B01MTBA4M1,B07PCR7N8J,B08ML9J88X,B01BTAVG02
B07PJTYNC7,B017LJSDXI,,
B01MYAGGIH,B071ZB885Z,B018E7UTEC,B00B2OJHCA
B0775YFK36,B001DEIGQM,B00H87DIWK,B004YK6U6A
B01N135YPV,B088D9V9DH,B07Z39BHR7,B01JQWBO9I
B07PBWB5VX,B01GRNT234,,
B07GDXCX87,B01LVTUPDR,B07D7PGQJ5,
B0775YPH6N,B01FG097ES,B00B2IFTXM,
B07PBWFWZ8,B00BNQO7I6,B00BNQO9NE,
B01MR892S8,B07M7MS7N2,B081H1M6RD,B07M7MS7N2
B07PBWH9N9,B07B9WZZMC,,
B07RWR52V6,B076C5M6RJ,,
B01MS9NT4M,B07Z32C8TG,B08FPFPYGF,
B07SPYCNST,B0002YVQA2,B01MXDYTGI,
B01N6T6EL8,B088CRJPY3,B07CNCV8FL,B088CRJPY3
B07F2F2J1Y,B00K1LDL54,B00LVN3JU8,
B01N135Z3Z,B00B2896GI,B07MZQLRN9,B01MTO2951
B07RQWW95Y,B07CKPM72Y,,
B07RV872KN,B01KYHW8X0,,
B07GDX68B5,B004EPYSFK,,
B07RV874SL,B07CKNSFK9,,
B01MTBA4V3,B005FAKLMW,B001RTS7OY,B01N8W34SB
B07GF97GW3,B012GA04W0,,
B07GF5F9DF,B004EPYSFA,B00FVUYZ2S,B000RUOG3A
B07RRZYP9Y,B076C185LX,,
B07GF5F9DJ,B008FRDRQO,B000BDB57S,
B07GF54QTJ,B00827NMYE,,
B01MZC12ZQ,B00B2OJHCA,,
B01MS9NPGA,B088D1MN74,B07NPMRXS3,B01D0KWBJ4
B07T5MNSSM,B00PFEPSA8,B07FR65NC2, B078SRHNJZ
B07T4JG2MY,B00BOSMLGS,B00BOSMTD8,B00545AD2Q
B07PJTYNJ7,B00WSX832Y,B000BOB10S,
B07PJTZTBD,B00UYPIKWG,B000BQU90Y,
B07RV872TL,B019NR50X2,B07Z3M2KQL,
B01MUCW80B,B07J31N4KC,B07NPMRXS3,B01D0KWBJ4
